{"start":{"startPose":{"heading":0.0,"location":{"x":-39.497142857142855,"y":-62.94857142857143}},"control":{"magnitude":10.0,"direction":0.0}},"end":{"control":{"magnitude":19.34151926160245,"direction":-1.5495229407708353},"endPose":{"heading":0.0,"location":{"x":51.22285714285715,"y":-35.38285714285715}}},"waypoints":[{"controls":{"secondControl":11.156088847232573,"firstControl":18.014981520492146,"direction":1.6631256615264967},"location":{"x":-29.417142857142856,"y":-9.874285714285719}},{"controls":{"secondControl":10.0,"firstControl":15.593631353072002,"direction":2.1112158270654806},"location":{"x":21.394285714285715,"y":-16.45714285714287}}]}